<?xml version="1.0" encoding="UTF-8" standalone="yes"?>
<addon id="resource.skidmaintenance" name="[COLOR red]SKID'S MAINTENANCE[/COLOR]" version="3.0.0" provider-name="Based_Skid">
  <requires>
    <import addon="xbmc.python" version="2.1.0"/>
  </requires>
  <extension point="xbmc.python.pluginsource" library="default.py">
        <provides>executable</provides>
  </extension>
  <extension point="xbmc.service" library="startup.py" start="startup" />
  <extension point="xbmc.addon.metadata">
    <summary lang="en">Automatic Maintenance!</summary>
    <description lang="en"></description>
	<disclaimer lang="en"></disclaimer>
    <platform>all</platform>
  </extension>
</addon>
